id,fact_id,description,value,effective_note,source_url,accessed,confidence,volatile
MP001,cacp_role,Commission for Agricultural Costs and Prices (CACP) role in MSP,recommends MSP,"the CACP is a recommending body, not the approving authority",https://agri.bot/msp,2026-08-17,high,false
MP002,ccea_role,Cabinet Committee on Economic Affairs (CCEA) role in MSP,approves MSP,"specifically the CCEA, a Cabinet committee - not 'the Cabinet' as an undifferentiated body, though CCEA decisions are routinely reported in the press as 'Cabinet approves...'",https://www.pib.gov.in/PressReleasePage.aspx?PRID=2065310,2026-08-17,high,false
MP003,kharif_msp_2025_26_approval_date,CCEA approval date for Kharif MSP for marketing season 2025-26,2025-05-28,"chaired by PM Modi, New Delhi",https://www.insightsonindia.com/2025/05/29/minimum-support-prices-msp/,2026-08-17,high,true
MP004,rabi_msp_2025_26_approval_date,CCEA approval date for Rabi MSP for marketing season 2025-26,2024-10-16,,https://www.pib.gov.in/PressReleasePage.aspx?PRID=2065310,2026-08-17,high,true
MP005,kharif_msp_timing_note,Which month's sowing does Kharif MSP announcement precede,June,"kharif sowing begins with the SW monsoon onset",https://agri.bot/msp,2026-08-17,high,false
MP006,rabi_msp_timing_note,Which month's sowing does Rabi MSP announcement precede,October,"rabi sowing begins in October",https://agri.bot/msp,2026-08-17,high,false
MP007,ae_schedule_1st,1st Advance Estimate release month,September,"released after kharif sowing is generally over; covers kharif crops only",https://desagri.gov.in/divisions-cell/agricultural-statistics-division/,2026-08-17,high,false
MP008,ae_schedule_2nd,2nd Advance Estimate release month,February,"released the following calendar year, after rabi sowing is also over; covers kharif and rabi crops",https://desagri.gov.in/divisions-cell/agricultural-statistics-division/,2026-08-17,high,false
MP009,ae_schedule_final,Final Estimate release timing relative to the 4th Advance Estimate,7 months after the 4th Advance Estimate,"allows states time to incorporate delayed area/yield data",https://desagri.gov.in/divisions-cell/agricultural-statistics-division/,2026-08-17,high,false
