zone_digit,zone_name,states_covered,source_url,accessed,confidence
1,Northern,"Delhi, Haryana, Punjab, Himachal Pradesh, Jammu and Kashmir, Chandigarh",https://www.indiatvnews.com/news/india/national-post-day-how-does-the-6-digit-pin-code-system-work-and-what-are-9-postal-zones-of-india-2025-10-10-1012088,2026-08-17,high
2,Northern (UP/Uttarakhand),"Uttar Pradesh, Uttarakhand",https://www.indiatvnews.com/news/india/national-post-day-how-does-the-6-digit-pin-code-system-work-and-what-are-9-postal-zones-of-india-2025-10-10-1012088,2026-08-17,high
3,Western,"Rajasthan, Gujarat, Daman and Diu, Dadra and Nagar Haveli",https://www.indiatvnews.com/news/india/national-post-day-how-does-the-6-digit-pin-code-system-work-and-what-are-9-postal-zones-of-india-2025-10-10-1012088,2026-08-17,high
4,Western (Maharashtra/MP),"Goa, Maharashtra, Madhya Pradesh, Chhattisgarh",https://www.indiatvnews.com/news/india/national-post-day-how-does-the-6-digit-pin-code-system-work-and-what-are-9-postal-zones-of-india-2025-10-10-1012088,2026-08-17,high
5,Southern,"Andhra Pradesh, Karnataka",https://www.indiatvnews.com/news/india/national-post-day-how-does-the-6-digit-pin-code-system-work-and-what-are-9-postal-zones-of-india-2025-10-10-1012088,2026-08-17,high
6,Southern (TN/Kerala),"Tamil Nadu, Kerala, Puducherry, Lakshadweep",https://www.indiatvnews.com/news/india/national-post-day-how-does-the-6-digit-pin-code-system-work-and-what-are-9-postal-zones-of-india-2025-10-10-1012088,2026-08-17,high
7,Eastern,"Odisha, West Bengal, Arunachal Pradesh, Nagaland, Manipur, Mizoram, Tripura, Meghalaya, Andaman and Nicobar Islands",https://www.indiatvnews.com/news/india/national-post-day-how-does-the-6-digit-pin-code-system-work-and-what-are-9-postal-zones-of-india-2025-10-10-1012088,2026-08-17,high
8,Eastern (Bihar/Jharkhand),"Bihar, Jharkhand",https://www.indiatvnews.com/news/india/national-post-day-how-does-the-6-digit-pin-code-system-work-and-what-are-9-postal-zones-of-india-2025-10-10-1012088,2026-08-17,high
9,Army Postal Service,"Army Post Office (APO) and Field Post Office (FPO) - a functional zone, not a geographic one; not used for civilian addresses",https://www.indiatvnews.com/news/india/national-post-day-how-does-the-6-digit-pin-code-system-work-and-what-are-9-postal-zones-of-india-2025-10-10-1012088,2026-08-17,high
