id,scheme_id,category_type,centre_share_pct,state_share_pct,note,source_url,accessed,confidence,volatile
F01,S04,general,50,50,"balance actuarial/bidded premium after the farmer's own share (see scheme_entitlements.csv E08-E10)",https://www.pib.gov.in/Pressreleaseshare.aspx?PRID=1776583,2026-08-17,high,true
F02,S04,ne_himalayan,90,10,"from Kharif 2020 season",https://www.pib.gov.in/Pressreleaseshare.aspx?PRID=1776583,2026-08-17,high,true
F03,S02,general,60,40,"States other than NE/Himalayan; also applies to UTs with legislature",https://fincomindia.nic.in/asset/doc/commission-reports/15th-FC/reports/studies/Ayushman%20Bharat%20Costs%20and%20Finances.pdf,2026-08-17,high,true
F04,S02,ne_himalayan,90,10,"8 North-Eastern states + J&K, Himachal Pradesh, Uttarakhand",https://fincomindia.nic.in/asset/doc/commission-reports/15th-FC/reports/studies/Ayushman%20Bharat%20Costs%20and%20Finances.pdf,2026-08-17,high,true
F05,S02,ut_no_legislature,100,0,"Union Territories without a legislature",https://fincomindia.nic.in/asset/doc/commission-reports/15th-FC/reports/studies/Ayushman%20Bharat%20Costs%20and%20Finances.pdf,2026-08-17,high,true
F06,generic_css,general,60,40,"the general Centrally-Sponsored-Scheme funding convention - not specific to any one scheme (see F01/F03 recurring this exact pattern)",https://www.sentinelassam.com/more-news/editorial/9010-funding-for-ne-states,2026-08-17,high,true
F07,generic_css,ne_himalayan,90,10,"8 North-Eastern states + J&K, Himachal Pradesh, Uttarakhand - the general CSS convention",https://www.sentinelassam.com/more-news/editorial/9010-funding-for-ne-states,2026-08-17,high,true
F08,generic_css,ut_no_legislature,100,0,"Union Territories without a legislature - the general CSS convention",https://www.sentinelassam.com/more-news/editorial/9010-funding-for-ne-states,2026-08-17,high,true
F09,S01,general,60,40,"MGNREGA's own material cost / unemployment allowance share follows the general CSS 60:40 pattern for the wage component; States bear 25% of unemployment allowance if work isn't provided in time",https://www.outlookbusiness.com/economy-and-policy/no-relief-for-states-centre-retains-6040-funding-formula-for-rural-employment-scheme,2026-08-17,medium,true
